CaseID,ActivityID,CompleteTimestamp
2,1,2012-04-03 16:55:38
2,8,2012-04-03 16:55:53
2,6,2012-04-05 17:15:52
3,1,2010-10-29 18:14:06
3,8,2010-11-04 01:16:11
3,6,2010-11-04 01:21:17
4,1,2010-12-15 23:31:53
4,8,2010-12-16 17:01:07
4,6,2010-12-16 17:08:19
5,1,2012-04-03 21:08:32
5,8,2012-04-03 21:45:33
5,6,2012-04-03 21:47:22
5,8,2012-04-03 22:15:02
5,6,2012-04-04 00:07:28
6,1,2011-10-25 23:13:58
6,8,2011-10-25 23:58:55
6,6,2011-10-26 17:54:46
8,1,2012-07-05 16:30:32
8,8,2012-07-05 17:25:45
8,6,2012-07-05 17:44:46
9,3,2010-05-07 21:02:21
9,1,2010-05-07 21:02:34
9,8,2010-05-24 18:26:28
9,6,2010-05-25 23:35:44
10,1,2010-02-10 17:50:20
10,8,2010-03-19 17:47:06
10,6,2010-03-19 17:47:13
11,1,2011-12-22 00:24:41
11,8,2011-12-22 00:25:34
11,6,2011-12-22 18:55:43
14,1,2011-07-05 21:47:08
14,8,2011-07-05 21:47:22
14,6,2011-07-05 21:52:37
16,1,2012-02-22 23:16:52
16,8,2012-02-23 01:14:07
16,8,2012-02-23 01:23:57
16,6,2012-02-23 18:47:38
17,1,2011-10-14 15:10:47
17,8,2011-11-03 01:17:52
17,6,2011-11-09 22:31:37
19,1,2010-07-07 15:54:04
19,8,2010-07-09 18:10:52
19,6,2010-07-09 18:11:18
21,1,2011-01-15 00:15:21
21,8,2011-01-27 17:06:37
21,6,2011-01-27 19:19:15
22,1,2012-07-23 15:49:04
22,8,2012-07-23 15:49:14
22,9,2012-07-23 16:51:59
22,6,2012-08-27 18:05:23
24,1,2010-04-27 17:49:56
24,8,2010-06-08 19:06:56
24,6,2010-06-08 22:46:16
25,1,2010-12-30 18:27:17
25,8,2010-12-30 22:14:04
25,6,2010-12-31 00:16:35
26,1,2011-03-31 15:28:47
26,8,2011-03-31 15:31:59
26,9,2011-03-31 16:39:41
26,8,2011-03-31 19:00:28
26,6,2011-03-31 19:00:41
27,1,2011-11-24 23:02:16
27,8,2011-11-24 23:02:35
27,6,2011-12-12 18:04:47
29,1,2012-07-30 18:07:32
29,8,2012-07-30 18:07:40
29,6,2012-07-30 20:29:40
30,1,2011-01-21 18:47:20
30,8,2011-02-07 18:19:45
30,6,2011-02-10 18:01:20
32,1,2011-04-27 15:38:44
32,8,2011-04-27 20:46:13
32,6,2011-04-28 16:18:08
35,1,2012-01-18 17:15:30
35,6,2012-01-18 18:46:37
36,1,2011-06-29 18:06:48
36,8,2011-06-30 20:58:23
36,6,2011-07-05 15:32:43
37,1,2011-02-10 20:13:07
37,8,2011-02-10 20:13:33
37,6,2011-02-11 00:20:02
37,6,2011-03-02 22:23:58
37,8,2011-03-02 22:24:07
37,9,2011-03-03 00:27:52
37,8,2011-03-04 18:37:50
37,6,2011-03-04 18:37:55
38,1,2012-03-20 16:57:45
38,8,2012-03-20 16:58:15
38,6,2012-03-20 17:18:56
40,1,2012-08-09 20:13:03
40,8,2012-08-09 20:13:29
40,6,2012-08-09 20:46:00
41,1,2010-12-14 19:44:26
41,8,2010-12-14 19:44:57
41,6,2010-12-14 19:45:12
42,1,2011-06-16 20:23:39
42,8,2011-06-16 20:51:05
42,6,2011-06-16 21:39:51
43,1,2012-04-10 16:56:32
43,8,2012-04-10 17:27:27
43,6,2012-04-10 18:53:28
44,1,2010-11-30 01:09:19
44,8,2010-11-30 01:19:59
44,6,2010-11-30 01:20:51
45,1,2012-01-20 23:08:14
45,8,2012-01-25 20:46:19
45,6,2012-03-02 19:40:59
47,1,2011-05-25 17:48:18
47,8,2011-05-25 17:48:43
47,6,2011-05-30 23:04:34
48,3,2010-12-01 22:42:59
48,1,2010-12-02 23:07:33
48,8,2010-12-02 23:07:41
48,6,2010-12-02 23:08:33
49,1,2011-11-25 23:33:54
49,8,2011-11-25 23:47:48
49,9,2011-11-29 23:47:35
49,6,2011-12-03 01:25:57
50,1,2012-01-16 19:53:01
50,8,2012-01-16 19:59:51
50,6,2012-01-17 01:37:54
50,6,2012-01-17 01:37:55
51,1,2012-06-13 21:55:36
51,8,2012-06-14 15:07:06
51,9,2012-06-15 15:16:27
51,6,2012-07-02 17:41:04
52,1,2012-07-26 23:18:26
52,8,2012-07-26 23:18:35
52,6,2012-07-27 18:46:28
53,1,2010-10-14 21:53:13
53,8,2010-10-15 21:02:36
53,9,2010-10-28 23:12:55
53,9,2010-10-28 23:12:55
53,8,2010-10-29 21:42:01
53,6,2010-11-04 17:48:12
55,1,2011-10-26 23:51:42
55,8,2011-11-01 00:19:03
55,9,2011-11-07 17:44:52
55,6,2011-11-21 17:21:23
56,1,2012-01-30 20:32:58
56,6,2012-01-30 20:33:23
57,1,2010-10-29 17:39:23
57,8,2010-11-02 23:56:13
57,6,2010-11-03 00:39:05
59,1,2012-03-28 20:28:37
59,8,2012-03-28 20:28:47
59,6,2012-03-28 23:32:57
59,6,2012-03-28 23:32:57
60,1,2011-04-06 23:35:49
60,8,2011-04-06 23:36:04
60,9,2011-04-07 23:41:23
60,8,2011-04-13 16:49:14
60,6,2011-04-13 16:49:22
61,1,2011-09-16 15:04:39
61,8,2011-09-16 15:18:12
61,6,2011-09-16 23:04:46
62,1,2012-05-28 23:16:47
62,6,2012-05-28 23:18:27
64,1,2011-04-14 23:54:28
64,1,2011-04-14 23:54:46
64,9,2011-04-15 18:41:19
64,8,2011-04-27 18:30:04
64,9,2011-04-27 18:30:13
64,8,2011-05-06 17:42:13
64,6,2011-05-06 17:42:28
66,1,2012-06-26 16:46:53
66,8,2012-06-26 16:47:39
66,6,2012-06-26 21:05:58
67,1,2010-12-31 00:03:15
67,8,2011-01-11 17:40:08
67,6,2011-01-13 20:45:18
68,1,2012-04-11 22:09:22
68,8,2012-04-11 22:09:45
68,6,2012-04-12 18:31:37
70,1,2011-06-07 15:34:53
70,8,2011-06-07 15:35:14
70,9,2011-07-08 16:44:58
70,6,2011-07-12 15:00:36
71,1,2011-11-02 17:20:14
71,8,2011-11-02 17:20:41
71,6,2011-11-02 18:49:41
72,1,2011-01-25 22:15:31
72,8,2011-01-25 22:15:58
72,6,2011-02-14 20:48:42
73,1,2012-07-31 19:01:15
73,6,2012-07-31 19:02:02
74,6,2012-02-10 20:42:26
75,1,2010-03-12 00:15:54
75,1,2010-04-23 15:44:51
75,8,2010-04-23 15:44:59
75,6,2010-04-23 15:45:04
76,1,2012-01-11 00:01:36
76,6,2012-01-11 00:58:08
78,1,2011-11-08 18:18:10
78,8,2011-11-08 18:22:35
78,6,2011-12-06 01:33:12
80,1,2012-08-02 17:22:58
80,8,2012-08-03 20:12:15
80,6,2012-08-10 18:13:48
81,1,2010-02-09 17:31:47
81,8,2010-02-09 17:35:12
81,9,2010-02-09 17:35:26
81,9,2010-02-09 17:36:27
81,8,2010-02-19 17:31:40
81,6,2010-02-19 17:32:00
84,1,2010-12-10 18:15:54
84,8,2010-12-10 18:16:17
84,6,2010-12-10 18:16:34
85,1,2011-02-25 02:01:50
85,8,2011-02-25 02:03:45
85,6,2011-03-04 19:02:13
86,1,2012-06-13 00:12:48
86,8,2012-06-15 15:27:33
86,9,2012-06-15 18:00:52
86,6,2012-06-18 17:42:02
87,1,2011-11-14 23:35:55
87,8,2011-11-18 01:58:30
87,9,2011-11-18 01:59:03
87,6,2011-11-25 18:30:07
87,8,2011-11-28 22:50:35
87,9,2011-11-28 22:59:00
87,6,2011-12-07 22:41:18
88,1,2010-09-24 15:57:49
88,1,2010-09-24 21:43:51
88,9,2010-09-24 21:44:52
88,8,2010-10-04 18:48:54
88,6,2010-10-04 18:49:08
90,1,2010-03-16 16:59:03
90,8,2010-03-17 18:02:03
90,6,2010-03-17 18:49:51
91,1,2011-05-24 20:51:35
91,8,2011-05-24 20:52:07
91,6,2011-05-24 21:36:11
92,1,2010-03-09 19:09:33
92,8,2010-03-09 19:09:44
92,6,2010-03-18 18:27:56
93,1,2012-07-25 15:02:54
93,8,2012-07-30 17:39:04
93,6,2012-08-02 23:14:07
94,1,2012-02-08 17:33:56
94,8,2012-02-08 17:34:08
94,6,2012-02-08 17:34:34
95,1,2011-09-26 18:27:14
95,8,2011-09-29 21:54:32
95,6,2011-09-30 17:09:23
96,1,2012-02-28 01:31:32
96,8,2012-02-28 17:52:59
96,6,2012-02-29 17:25:13
96,6,2012-02-29 17:25:14
98,1,2012-07-05 20:16:51
98,8,2012-07-05 20:20:39
98,6,2012-07-09 21:21:24
99,1,2011-05-11 18:16:32
99,8,2011-05-11 18:17:55
99,6,2011-05-16 16:33:29
101,3,2010-06-18 21:47:15
101,1,2010-06-18 22:18:15
101,8,2010-06-29 15:35:47
101,6,2010-06-29 16:33:07
102,1,2012-01-30 18:09:29
102,8,2012-01-30 18:09:57
102,6,2012-01-31 17:12:06
103,1,2010-06-07 15:30:54
103,1,2010-06-07 15:49:10
103,8,2010-06-07 23:16:44
103,9,2010-06-08 18:37:29
103,8,2010-06-09 15:18:05
103,2,2010-06-09 15:18:28
103,6,2010-06-16 17:23:07
104,1,2011-01-27 17:34:59
104,8,2011-01-27 18:32:40
104,6,2011-01-27 18:34:24
108,1,2011-01-12 20:28:16
108,8,2011-01-24 18:21:26
108,6,2011-01-26 17:12:39
109,1,2010-09-24 23:35:31
109,8,2010-09-27 17:11:48
109,9,2010-09-28 16:31:41
109,8,2010-11-08 18:33:36
109,6,2010-11-08 18:33:57
110,1,2010-12-16 18:33:24
110,8,2010-12-16 18:40:25
110,6,2010-12-17 00:52:50
111,1,2010-06-29 22:00:48
111,8,2010-06-29 23:16:26
111,6,2010-06-30 16:05:04
111,8,2010-06-30 22:19:00
111,9,2010-07-01 17:00:03
111,8,2010-07-02 22:07:18
111,6,2010-07-02 22:08:52
112,1,2011-10-06 15:50:55
112,8,2011-10-07 22:03:47
112,6,2011-10-14 22:44:32
113,3,2010-05-06 23:51:48
113,1,2010-05-24 18:23:15
113,8,2010-05-25 21:48:24
113,6,2010-05-25 22:11:28
116,1,2011-04-08 21:02:03
116,8,2011-04-08 21:02:38
116,6,2011-04-08 21:07:10
117,1,2012-07-19 18:59:25
117,8,2012-07-20 16:49:34
117,6,2012-07-20 22:44:15
118,1,2011-03-07 20:02:24
118,8,2011-03-07 20:02:41
118,6,2011-03-07 22:14:21
119,1,2011-12-05 23:22:17
119,8,2011-12-05 23:58:56
119,6,2011-12-13 18:22:04
120,1,2012-04-24 22:07:03
120,8,2012-05-08 18:53:06
120,9,2012-05-08 20:31:30
120,6,2012-05-08 22:04:27
121,1,2011-02-09 22:28:58
121,8,2011-02-09 23:21:02
121,6,2011-02-09 23:21:46
122,1,2011-02-15 00:23:08
122,8,2011-02-15 20:17:46
122,6,2011-02-15 20:52:47
123,1,2011-05-06 15:33:07
123,8,2011-05-06 15:33:39
123,9,2011-05-06 20:55:50
123,8,2011-05-12 21:45:43
123,6,2011-05-12 21:45:54
124,1,2012-06-07 23:31:32
124,8,2012-06-08 14:47:21
124,6,2012-06-08 14:47:30
125,1,2010-08-19 17:48:49
125,8,2010-08-19 17:49:49
125,9,2010-08-19 18:07:15
125,8,2010-09-13 16:15:21
125,6,2010-09-13 16:49:39
126,1,2012-07-25 23:34:31
126,1,2012-08-27 21:28:50
126,6,2012-08-27 22:18:05
127,1,2010-03-12 18:28:49
127,8,2010-03-12 18:29:00
127,6,2010-03-12 18:37:27
128,1,2011-11-28 17:10:27
128,6,2011-11-28 18:46:59
128,6,2011-11-28 18:46:59
130,3,2010-04-08 16:58:03
130,1,2010-04-08 17:01:05
130,8,2010-04-08 17:01:11
130,6,2010-04-08 17:01:19
132,1,2012-06-21 20:50:46
132,8,2012-06-21 21:30:02
132,9,2012-06-21 22:32:08
132,6,2012-06-25 20:03:33
133,1,2011-01-26 20:24:58
133,1,2011-01-26 20:59:56
133,8,2011-01-26 21:00:03
133,6,2011-01-28 23:29:17
134,1,2011-04-19 22:42:45
134,8,2011-04-19 22:45:25
134,6,2011-04-19 22:45:42
135,1,2011-02-08 20:57:41
135,8,2011-02-08 20:58:01
135,9,2011-02-10 17:27:30
135,8,2011-02-14 21:01:11
135,6,2011-02-14 21:02:59
135,8,2011-03-03 18:46:37
135,6,2011-03-03 23:05:29
136,1,2012-06-06 22:48:56
136,8,2012-06-07 20:19:44
136,6,2012-06-08 15:13:29
137,1,2011-08-05 21:00:13
137,8,2011-08-11 18:30:47
137,9,2011-08-12 21:42:55
137,6,2011-08-19 20:25:37
138,1,2012-03-02 18:13:46
138,8,2012-03-02 18:13:56
138,6,2012-03-02 18:34:03
139,1,2010-04-19 15:44:31
139,8,2010-04-19 17:15:20
139,6,2010-04-19 17:26:05
141,1,2011-01-12 19:39:32
141,8,2011-01-12 19:39:56
141,9,2011-01-12 19:50:26
141,8,2011-01-12 20:07:51
141,9,2011-01-12 20:34:34
141,8,2011-01-26 18:25:14
141,6,2011-01-26 18:26:04
142,1,2012-03-07 20:00:05
142,8,2012-03-08 22:53:36
142,6,2012-03-09 23:48:25
146,1,2010-10-05 22:55:27
146,8,2010-10-05 23:09:10
146,6,2010-10-05 23:09:39
148,1,2012-01-09 20:19:35
148,8,2012-01-10 01:14:26
148,6,2012-01-10 01:14:53
148,6,2012-01-10 01:14:53
149,1,2011-02-09 23:35:27
149,8,2011-02-10 00:16:21
149,6,2011-02-10 00:24:44
150,3,2011-05-18 16:39:41
150,1,2011-05-18 16:39:49
150,8,2011-05-18 16:41:36
150,9,2011-05-23 23:20:54
150,8,2011-05-26 15:55:33
150,6,2011-05-26 15:56:00
151,1,2010-02-10 19:25:33
151,8,2010-02-10 19:33:38
151,6,2010-02-10 19:33:49
152,1,2012-05-18 20:08:58
152,8,2012-05-24 18:00:37
152,6,2012-05-25 16:12:16
153,1,2012-07-02 15:35:06
153,8,2012-07-02 19:00:33
153,6,2012-07-02 19:01:29
155,1,2010-12-15 01:19:51
155,8,2010-12-17 19:45:21
155,9,2010-12-24 00:26:07
155,8,2011-01-18 20:15:13
155,6,2011-01-18 20:15:29
157,1,2011-05-24 15:13:23
157,8,2011-05-31 23:42:09
157,6,2011-06-06 18:19:01
158,1,2010-09-20 23:57:01
158,8,2010-09-21 15:45:37
158,6,2010-09-21 15:53:48
159,1,2011-09-21 15:12:16
159,8,2011-09-21 15:46:44
159,6,2011-09-27 21:20:30
160,1,2011-02-25 19:55:02
160,8,2011-02-25 22:26:45
160,6,2011-02-25 22:28:30
161,1,2010-08-10 15:16:09
161,8,2010-08-12 18:33:35
161,6,2010-08-13 15:24:41
162,1,2011-10-04 23:47:43
162,1,2011-10-07 21:29:10
162,6,2011-10-07 21:30:00
163,1,2010-10-15 16:27:20
163,8,2010-10-27 19:46:30
163,6,2010-10-27 19:46:36
164,1,2010-09-28 20:44:01
164,8,2010-09-28 20:46:50
164,6,2010-09-28 22:03:08
165,1,2012-01-14 01:36:23
165,6,2012-01-14 01:36:49
166,1,2010-02-11 17:48:50
166,8,2010-02-24 01:56:28
166,6,2010-02-24 01:56:36
167,1,2011-11-23 23:43:38
167,8,2011-11-25 19:12:19
167,9,2011-11-25 23:01:18
167,6,2011-11-28 18:25:00
167,6,2011-11-28 18:25:02
168,1,2012-01-09 19:01:47
168,8,2012-01-09 20:20:28
168,6,2012-01-09 20:21:29
170,1,2012-05-02 23:54:51
170,8,2012-05-03 15:51:09
170,9,2012-05-03 16:01:21
170,8,2012-05-17 15:46:38
170,9,2012-05-17 15:47:13
170,6,2012-05-18 15:18:57
171,1,2011-08-29 22:12:48
171,1,2011-08-30 17:49:49
171,8,2011-08-30 18:06:35
171,6,2011-08-31 15:34:45
172,1,2010-09-17 00:02:20
172,8,2010-09-21 22:03:12
172,6,2010-09-27 18:08:54
173,1,2010-11-15 18:15:12
173,1,2010-11-15 18:15:27
173,8,2010-11-16 21:58:01
173,6,2010-11-16 22:01:14
174,1,2011-10-24 18:22:28
174,8,2011-11-04 00:48:18
174,9,2011-11-05 01:24:35
174,6,2011-11-09 23:20:52
175,1,2010-10-05 15:46:59
175,8,2010-10-05 15:59:41
175,6,2010-10-05 16:00:18
176,1,2012-07-17 18:44:26
176,8,2012-07-17 18:44:48
176,6,2012-07-18 21:11:34
177,1,2012-01-18 17:12:04
177,8,2012-01-18 17:21:52
177,6,2012-01-18 18:42:03
178,1,2012-02-22 23:49:43
178,8,2012-02-22 23:49:52
178,6,2012-02-29 18:36:49
179,1,2012-04-11 21:30:07
179,8,2012-04-12 17:29:39
179,6,2012-04-12 20:57:39
180,1,2011-10-06 18:23:22
180,8,2011-10-06 22:07:44
180,6,2011-10-06 22:31:30
181,1,2011-09-29 17:51:55
181,6,2011-09-30 21:14:19
182,1,2010-05-20 16:31:32
182,8,2010-05-24 18:55:17
182,6,2010-05-24 18:59:57
183,3,2010-05-19 23:08:49
183,1,2010-05-20 15:53:47
183,8,2010-05-24 15:15:57
183,6,2010-05-24 15:18:09
185,1,2010-11-02 22:49:59
185,8,2010-11-03 23:06:18
185,9,2010-11-03 23:06:51
185,8,2010-11-18 18:52:12
185,6,2010-11-18 18:52:18
186,1,2012-07-13 16:20:00
186,8,2012-07-13 21:25:40
186,9,2012-07-13 21:48:10
186,6,2012-07-18 15:05:36
187,1,2010-10-25 21:14:08
187,8,2010-10-27 21:27:14
187,6,2010-10-27 21:29:30
188,1,2012-01-09 22:58:58
188,8,2012-01-09 22:59:09
188,6,2012-01-10 18:03:01
189,1,2010-02-02 22:49:13
189,1,2010-02-02 23:04:15
189,8,2010-02-03 23:27:07
189,6,2010-02-03 23:27:16
190,1,2011-02-22 00:36:25
190,8,2011-02-22 01:44:27
190,6,2011-03-03 23:26:19
194,1,2012-02-08 20:28:03
194,8,2012-02-10 19:28:30
194,6,2012-03-05 20:31:08
195,1,2010-09-21 18:53:00
195,8,2010-09-23 17:25:07
195,9,2010-09-27 18:09:43
195,8,2010-09-29 15:06:22
195,9,2010-09-29 16:04:55
195,8,2010-09-29 20:29:35
195,6,2010-09-29 20:29:47
196,1,2011-11-16 19:45:30
196,8,2011-11-17 22:31:33
196,6,2011-11-17 22:32:09
197,1,2012-06-01 16:18:57
197,8,2012-06-04 15:56:22
197,6,2012-06-04 17:46:33
197,6,2012-06-04 17:46:33
198,1,2011-04-28 21:46:15
198,8,2011-04-28 21:46:46
198,6,2011-05-09 23:43:48
199,8,2011-12-14 00:45:50
199,6,2011-12-14 19:27:28
200,1,2012-04-12 22:59:24
200,8,2012-04-13 23:07:02
200,6,2012-04-16 21:40:01
201,1,2011-08-22 15:06:31
201,8,2011-08-22 17:14:28
201,6,2011-08-22 17:31:48
203,1,2010-06-11 18:18:02
203,8,2010-06-11 20:22:40
203,6,2010-06-16 16:04:16
204,1,2011-11-01 00:30:39
204,8,2011-11-01 00:30:50
204,6,2011-11-02 22:41:11
205,1,2010-12-07 20:10:52
205,8,2010-12-09 20:19:43
205,9,2010-12-20 23:24:30
205,8,2010-12-21 22:36:16
205,6,2010-12-21 23:31:29
206,1,2011-03-04 19:26:28
206,8,2011-03-04 19:29:32
206,9,2011-03-04 20:32:51
206,8,2011-03-11 20:48:16
206,6,2011-03-11 20:48:28
207,1,2011-06-21 21:40:37
207,8,2011-06-23 21:54:10
207,6,2011-07-11 15:42:06
208,1,2010-10-12 18:50:55
208,8,2010-10-12 20:58:07
208,6,2010-10-12 23:05:33
209,1,2012-01-11 19:39:43
209,8,2012-01-11 19:40:06
209,6,2012-01-11 19:41:58
211,1,2012-08-02 18:02:57
211,6,2012-08-03 20:56:13
212,1,2012-05-14 20:39:34
212,8,2012-05-14 20:39:41
212,6,2012-05-14 21:28:38
213,1,2011-07-19 18:43:29
213,6,2011-07-27 16:19:08
214,1,2011-01-26 17:16:35
214,1,2011-01-26 17:57:02
214,8,2011-01-26 17:57:35
214,6,2011-01-27 17:24:33
215,1,2010-04-15 15:13:46
215,8,2010-04-27 22:30:12
215,6,2010-04-27 22:30:18
216,1,2010-03-24 20:14:07
216,1,2010-03-24 20:14:29
216,8,2010-03-24 20:14:37
216,6,2010-03-24 20:14:41
217,1,2011-03-04 18:34:36
217,8,2011-03-04 18:35:05
217,6,2011-03-09 00:20:32
218,1,2011-03-26 01:16:00
218,8,2011-03-26 01:17:36
218,6,2011-03-26 01:31:47
218,8,2011-03-28 17:02:16
218,9,2011-03-31 23:35:15
218,8,2011-04-08 20:49:14
218,6,2011-04-08 21:01:12
219,8,2011-11-11 19:10:51
219,9,2011-11-11 19:52:25
219,8,2011-11-15 17:46:26
219,6,2011-11-15 17:47:32
219,6,2011-11-15 17:47:33
220,1,2011-07-25 19:03:37
220,8,2011-07-28 21:41:04
220,9,2011-08-04 17:47:48
220,6,2011-08-04 21:25:57
221,1,2011-11-23 19:46:01
221,8,2011-11-26 00:11:06
221,6,2011-11-28 20:46:18
222,1,2012-02-01 20:34:03
222,6,2012-02-01 20:35:16
223,1,2012-03-15 22:28:02
223,8,2012-03-16 20:30:26
223,6,2012-03-17 00:29:01
223,6,2012-03-17 00:29:02
224,1,2012-05-28 22:20:59
224,8,2012-05-28 22:21:21
224,9,2012-05-28 22:41:06
224,6,2012-05-29 16:06:03
225,1,2011-07-21 21:48:19
225,6,2011-07-22 21:05:46
226,1,2011-04-12 00:01:34
226,8,2011-04-12 00:01:52
226,6,2011-04-13 18:20:49
227,1,2011-05-17 17:14:34
227,8,2011-05-17 17:14:52
227,6,2011-05-20 20:41:53
228,1,2010-09-22 23:39:16
228,8,2010-09-23 16:37:42
228,6,2010-09-23 16:38:14
229,1,2011-11-23 18:44:28
229,6,2011-11-23 20:21:30
231,1,2010-10-19 22:08:14
231,1,2010-10-21 00:03:58
231,8,2010-10-21 00:04:16
231,6,2010-10-21 16:26:29
234,1,2010-06-23 23:57:59
234,1,2010-06-28 20:12:55
234,8,2010-07-07 18:10:15
234,6,2010-07-07 18:10:30
236,1,2011-01-19 19:08:18
236,8,2011-02-05 01:33:09
236,6,2011-02-07 19:48:08
238,1,2010-07-23 22:27:40
238,8,2010-07-27 15:36:36
238,6,2010-07-27 15:37:32
239,1,2011-07-14 21:26:36
239,8,2011-07-14 23:50:15
239,6,2011-08-03 16:14:00
240,1,2011-07-27 23:30:16
240,8,2011-08-02 23:54:16
240,6,2011-08-10 20:43:40
241,1,2012-05-17 23:53:08
241,8,2012-05-18 14:58:20
241,6,2012-05-21 16:27:17
242,1,2012-08-02 17:26:04
242,8,2012-08-22 22:24:49
242,6,2012-08-22 22:28:26
243,1,2012-06-20 22:41:25
243,8,2012-06-20 22:44:02
243,6,2012-06-20 22:44:33
244,1,2010-11-25 02:02:59
244,8,2010-11-25 02:21:52
244,6,2010-11-25 02:22:00
245,1,2010-04-28 23:21:11
245,8,2010-04-29 18:15:16
245,6,2010-05-03 20:56:35
246,1,2010-10-27 23:21:46
246,1,2010-11-02 23:57:09
246,8,2010-11-02 23:57:16
246,6,2010-11-02 23:57:22
247,3,2012-08-10 14:59:37
247,8,2012-08-10 15:02:47
247,6,2012-08-10 15:18:58
248,1,2011-11-08 22:32:15
248,6,2011-11-09 17:39:45
248,6,2011-11-09 17:39:46
249,1,2011-04-20 15:34:05
249,8,2011-04-20 15:35:25
249,6,2011-04-27 17:53:20
250,1,2011-02-23 02:06:59
250,8,2011-02-23 02:07:16
250,6,2011-02-28 19:43:36
251,1,2012-06-26 22:50:34
251,8,2012-07-03 15:44:06
251,6,2012-07-06 16:50:50
252,1,2011-01-19 23:55:14
252,8,2011-01-19 23:55:35
252,6,2011-01-21 00:21:38
252,8,2011-01-24 22:38:44
252,6,2011-02-28 18:40:26
254,1,2010-11-23 18:55:28
254,8,2010-11-30 23:09:41
254,6,2010-11-30 23:10:42
255,1,2012-03-06 17:24:19
255,8,2012-03-06 22:39:56
255,6,2012-03-06 23:07:30
256,1,2011-01-12 01:41:38
256,8,2011-01-27 19:59:56
256,6,2011-01-27 20:00:26
257,1,2011-01-28 20:42:47
257,8,2011-02-09 22:50:46
257,6,2011-02-09 22:50:56
258,1,2010-12-02 18:21:12
258,8,2010-12-02 19:16:17
258,9,2010-12-02 19:16:35
258,8,2010-12-07 01:45:40
258,6,2010-12-07 01:45:48
259,1,2010-03-23 17:10:15
259,1,2010-03-24 17:39:07
259,8,2010-03-24 17:39:20
259,6,2010-05-06 15:36:35
260,1,2010-10-18 21:15:06
260,1,2010-10-18 21:29:40
260,8,2010-10-19 18:17:06
260,6,2010-11-15 22:47:26
261,1,2012-07-30 18:55:26
261,8,2012-07-30 18:55:48
261,6,2012-07-30 21:14:37
263,1,2011-12-29 01:51:52
263,8,2011-12-29 19:16:43
263,6,2011-12-30 17:01:38
264,1,2011-03-09 22:27:13
264,8,2011-03-11 17:05:59
264,6,2011-03-11 17:22:38
266,1,2012-06-18 18:49:00
266,6,2012-06-20 15:11:19
266,6,2012-06-20 15:11:20
267,1,2011-05-05 17:41:25
267,8,2011-05-05 17:42:08
267,6,2011-05-05 21:14:58
268,3,2010-07-23 16:22:58
268,1,2010-07-23 16:23:24
268,8,2010-07-23 16:29:53
268,6,2010-07-23 17:53:25
269,8,2011-12-12 17:40:49
269,6,2012-01-03 18:15:12
270,1,2011-04-01 16:48:44
270,8,2011-04-01 16:49:20
270,9,2011-04-01 17:42:02
270,9,2011-04-01 18:40:01
270,8,2011-04-04 18:05:40
270,6,2011-04-06 18:48:27
271,3,2010-03-08 20:43:25
271,1,2010-03-08 20:44:57
271,1,2010-03-08 20:45:49
271,8,2010-03-08 20:52:48
271,6,2010-03-09 02:00:50
272,1,2012-01-25 16:58:57
272,8,2012-01-25 17:39:02
272,9,2012-02-01 20:28:32
272,6,2012-02-29 02:21:41
273,1,2010-03-26 00:16:03
273,8,2010-03-26 00:32:12
273,6,2010-03-26 02:10:30
274,1,2012-04-20 18:47:22
274,8,2012-04-26 16:37:56
274,6,2012-04-26 20:19:28
275,1,2010-06-08 20:44:14
275,8,2010-06-28 22:02:44
275,6,2010-06-28 22:07:25
276,3,2010-03-30 23:58:20
276,1,2010-03-30 23:58:35
276,8,2010-03-30 23:59:10
276,6,2010-03-31 00:13:29
277,1,2012-03-13 18:47:21
277,8,2012-03-13 18:48:04
277,6,2012-03-14 23:35:22
278,1,2010-05-24 20:55:50
278,9,2010-05-25 23:38:49
278,8,2010-06-16 16:46:50
278,9,2010-06-16 16:47:04
278,8,2010-06-21 23:04:47
278,6,2010-06-22 20:27:44
279,1,2011-10-07 17:50:02
279,6,2011-10-07 17:50:33
280,1,2010-11-25 23:02:43
280,8,2010-11-25 23:03:26
280,9,2010-11-26 00:56:39
280,8,2010-11-30 01:25:15
280,6,2010-11-30 01:25:22
280,8,2010-11-30 19:58:20
280,6,2010-12-01 23:33:08
281,1,2011-06-30 21:42:32
281,1,2011-06-30 21:42:53
281,8,2011-07-04 20:19:44
281,6,2011-07-04 20:57:06
283,1,2012-06-12 17:18:08
283,8,2012-06-18 18:01:49
283,6,2012-07-02 17:44:23
284,1,2011-11-08 17:24:00
284,8,2011-11-08 17:24:19
284,6,2011-11-08 17:34:52
285,1,2012-05-02 18:41:57
285,8,2012-05-03 16:00:14
285,6,2012-05-03 22:34:29
287,1,2011-02-08 16:48:56
287,8,2011-02-08 16:49:34
287,6,2011-02-08 19:49:59
288,1,2011-11-17 18:35:43
288,8,2011-11-17 18:36:01
288,6,2011-11-17 23:00:05
289,1,2010-09-07 22:11:07
289,8,2010-09-07 22:44:49
289,6,2010-09-07 23:39:38
290,1,2012-02-14 20:05:29
290,9,2012-02-15 18:20:13
290,6,2012-03-01 00:31:24
290,6,2012-03-01 00:31:28
291,1,2010-10-13 18:21:33
291,1,2010-10-13 18:21:52
291,8,2010-10-13 18:22:15
291,6,2010-10-20 23:23:37
292,1,2012-08-02 16:46:54
292,8,2012-08-02 16:48:49
292,6,2012-08-02 16:49:07
293,1,2012-07-27 21:10:43
293,8,2012-08-10 21:16:56
293,6,2012-08-14 16:26:51
294,1,2010-05-14 20:55:15
294,8,2010-05-14 21:02:16
294,6,2010-05-14 21:24:16
295,1,2012-02-15 18:20:54
295,8,2012-02-15 18:30:22
295,6,2012-02-15 22:06:58
295,6,2012-02-15 22:06:59
297,1,2010-07-15 18:44:37
297,8,2010-07-15 20:54:40
297,6,2010-07-15 21:10:18
298,1,2010-12-01 01:41:26
298,8,2010-12-01 18:11:18
298,6,2010-12-01 18:11:26
300,1,2012-03-22 01:34:29
300,8,2012-03-22 01:34:39
300,6,2012-03-26 18:31:22
301,1,2010-05-06 19:05:09
301,8,2010-05-06 21:01:24
301,6,2010-05-06 21:27:07
301,8,2010-05-06 22:36:41
301,9,2010-05-07 00:06:08
301,8,2010-05-07 20:17:30
301,6,2010-05-07 20:17:43
302,1,2010-11-20 01:53:47
302,8,2010-11-20 02:24:12
302,6,2010-11-22 17:52:33
303,1,2012-02-06 17:29:21
303,8,2012-02-06 17:29:28
303,6,2012-02-06 17:57:12
304,1,2011-10-05 23:48:23
304,8,2011-10-06 17:30:22
304,6,2011-10-06 21:48:54
305,1,2012-05-07 15:41:52
305,8,2012-05-07 16:10:51
305,9,2012-05-07 18:36:28
305,6,2012-05-15 20:35:47
306,1,2010-09-20 23:22:31
306,8,2010-09-20 23:23:07
306,6,2010-09-20 23:24:30
307,1,2012-06-22 16:02:35
307,8,2012-06-25 18:06:08
307,6,2012-06-25 18:27:09
309,1,2012-07-20 15:01:09
309,8,2012-07-23 22:08:08
309,6,2012-07-23 22:21:41
310,1,2011-06-09 18:44:39
310,8,2011-07-01 15:47:17
310,9,2011-07-01 23:15:06
310,6,2011-07-14 23:42:45
311,1,2012-03-20 19:06:09
311,8,2012-03-20 19:06:45
311,6,2012-03-20 19:07:16
312,1,2012-07-18 18:56:55
312,8,2012-07-18 21:29:20
312,6,2012-07-19 15:10:42
314,1,2011-04-14 16:29:40
314,8,2011-04-18 17:50:42
314,6,2011-04-18 17:57:59
315,1,2010-11-10 00:17:13
315,8,2010-11-10 00:17:47
315,9,2010-11-19 00:11:59
315,8,2010-12-07 00:21:54
315,6,2010-12-07 00:22:11
316,1,2010-09-03 16:38:27
316,1,2010-09-03 16:48:54
316,8,2010-09-06 23:27:05
316,6,2010-09-06 23:28:17
318,1,2012-05-28 22:36:21
318,8,2012-05-30 19:01:54
318,6,2012-05-31 15:51:47
319,1,2010-12-29 01:23:40
319,8,2011-01-19 00:33:26
319,9,2011-01-19 00:40:19
319,8,2011-01-21 23:36:47
319,6,2011-01-21 23:36:56
320,1,2010-12-28 01:12:53
320,8,2010-12-28 01:51:07
320,6,2011-01-20 19:48:38
321,1,2010-07-01 17:53:02
321,1,2010-07-01 20:33:00
321,8,2010-07-02 00:43:16
321,9,2010-07-02 00:55:02
321,8,2010-07-02 20:15:07
321,6,2010-07-02 20:39:50
322,1,2010-11-25 20:50:31
322,8,2010-11-25 20:50:46
322,9,2010-11-26 19:27:40
322,8,2010-12-14 00:43:50
322,6,2010-12-14 00:44:04
324,8,2012-09-06 16:45:04
324,6,2012-09-24 18:34:43
325,1,2011-02-01 23:02:03
325,1,2011-02-16 01:52:44
325,8,2011-02-16 01:52:51
325,6,2011-02-21 23:06:23
327,1,2010-04-12 17:39:32
327,8,2010-04-29 22:33:17
327,6,2010-04-29 22:33:23
328,1,2012-01-10 18:59:44
328,8,2012-01-10 18:59:56
328,6,2012-01-10 20:07:13
329,1,2011-10-28 19:03:05
329,8,2011-11-02 17:42:11
329,6,2011-11-02 17:43:41
329,8,2011-11-16 20:49:39
329,6,2011-11-17 17:53:58
330,1,2010-10-05 23:07:26
330,1,2010-10-07 16:27:05
330,8,2010-10-08 18:32:11
330,6,2010-10-08 21:55:02
330,6,2010-10-08 22:07:16
334,1,2011-04-29 23:36:05
334,8,2011-04-29 23:36:29
334,9,2011-05-02 16:10:10
334,8,2011-05-03 18:37:08
334,6,2011-05-03 18:37:23
335,1,2010-08-23 17:13:02
335,8,2010-08-23 17:13:22
335,6,2010-08-23 17:14:07
336,1,2012-04-20 18:54:26
336,8,2012-04-20 18:54:41
336,6,2012-04-23 17:14:28
338,1,2012-07-19 18:55:01
338,8,2012-07-20 18:25:48
338,6,2012-07-20 18:26:36
339,1,2012-05-14 20:36:02
339,8,2012-05-15 23:04:27
339,9,2012-05-15 23:07:03
339,6,2012-05-16 23:57:16
340,1,2012-03-06 20:18:20
340,8,2012-03-07 01:53:18
340,9,2012-03-14 19:55:59
340,6,2012-03-16 01:03:14
341,1,2011-12-21 22:53:06
341,6,2011-12-23 00:56:27
342,1,2010-04-19 18:48:19
342,8,2010-06-02 00:10:52
342,6,2010-06-02 00:14:57
344,1,2012-01-20 02:02:37
344,8,2012-01-20 02:02:55
344,6,2012-01-20 23:47:10
347,1,2011-08-01 16:02:40
347,6,2011-08-19 17:29:29
347,6,2011-08-19 17:29:29
350,1,2011-12-28 22:37:00
350,8,2012-01-18 20:36:11
350,9,2012-02-02 18:12:36
350,6,2012-02-07 20:21:54
351,1,2010-03-29 18:12:13
351,8,2010-04-01 22:17:35
351,6,2010-04-01 22:17:42
352,1,2012-05-08 18:48:14
352,6,2012-05-08 18:48:50
352,6,2012-05-08 18:48:51
353,1,2010-11-25 02:20:43
353,8,2010-11-30 01:49:08
353,6,2010-11-30 01:49:26
354,1,2011-08-03 23:10:21
354,9,2011-08-03 23:11:53
354,6,2011-08-04 21:52:59
354,6,2011-08-04 21:53:04
355,1,2011-01-10 17:39:15
355,1,2011-01-10 17:41:44
355,8,2011-01-27 01:34:13
355,6,2011-02-09 02:00:42
356,1,2012-06-19 21:23:59
356,8,2012-06-20 15:46:29
356,6,2012-06-20 16:11:35
357,1,2012-07-11 22:50:14
357,8,2012-07-12 14:59:23
357,6,2012-07-12 15:07:56
358,1,2010-09-17 22:02:58
358,1,2010-09-17 23:48:16
358,8,2010-09-21 20:27:07
358,6,2010-09-21 20:27:19
359,1,2010-12-28 22:15:48
359,8,2011-01-21 17:44:16
359,6,2011-01-21 17:44:48
360,1,2010-02-10 01:17:06
360,8,2010-02-24 01:40:34
360,6,2010-03-16 18:05:38
362,1,2012-02-23 18:45:01
362,8,2012-03-13 00:06:36
362,9,2012-03-14 02:53:46
362,6,2012-03-30 22:00:29
363,1,2010-04-09 15:36:35
363,1,2010-04-13 23:40:30
363,8,2010-04-14 17:22:18
363,6,2010-04-14 17:22:26
365,1,2010-12-29 18:06:43
365,8,2010-12-29 18:06:53
365,9,2010-12-29 19:49:51
365,8,2010-12-29 23:46:12
365,6,2010-12-29 23:47:01
366,1,2012-07-10 22:42:22
366,8,2012-07-10 22:42:32
366,6,2012-07-12 17:22:46
368,1,2011-06-22 21:08:02
368,1,2011-06-22 21:08:20
368,8,2011-06-22 23:55:26
368,9,2011-06-23 16:18:51
368,9,2011-06-23 16:18:54
368,8,2011-07-20 16:13:16
368,6,2011-08-03 22:03:51
369,1,2011-07-13 22:03:38
369,8,2011-07-14 16:37:19
369,8,2011-07-14 16:51:59
369,6,2011-07-14 17:23:03
371,1,2012-01-26 19:51:34
371,8,2012-01-26 19:51:43
371,6,2012-01-26 20:56:27
372,1,2012-05-24 22:08:38
372,8,2012-05-24 23:18:41
372,6,2012-05-25 17:15:20
373,1,2011-12-16 22:58:26
373,8,2011-12-16 22:59:19
373,6,2011-12-29 01:27:41
375,1,2012-05-10 20:25:17
375,8,2012-05-10 20:25:31
375,6,2012-05-10 20:30:11
376,1,2010-05-04 18:50:27
376,8,2010-05-05 18:35:13
376,9,2010-05-05 18:35:24
376,8,2010-05-17 16:11:07
376,6,2010-05-17 16:11:14
377,1,2011-12-16 23:59:08
377,8,2011-12-19 20:09:41
377,6,2012-01-14 00:22:13
379,1,2010-07-12 23:42:43
379,8,2010-07-26 20:44:10
379,6,2010-07-26 20:44:37
381,1,2012-04-12 16:19:28
381,8,2012-04-12 16:19:36
381,6,2012-04-16 23:29:50
385,1,2010-12-15 01:34:40
385,8,2010-12-16 00:47:56
385,6,2010-12-16 00:48:46
386,1,2011-05-10 16:52:39
386,8,2011-05-10 16:53:00
386,9,2011-05-13 21:22:57
386,8,2011-05-17 16:52:37
386,6,2011-05-17 16:52:47
387,1,2011-12-14 21:05:52
387,8,2011-12-14 21:05:59
387,6,2011-12-22 19:50:39
387,6,2011-12-22 19:50:40
388,1,2010-07-09 22:26:02
388,9,2010-07-14 16:52:39
388,8,2010-07-27 15:03:48
388,6,2010-07-27 15:03:55
389,1,2011-06-28 21:43:15
389,1,2011-06-28 21:44:20
389,8,2011-06-29 16:35:06
389,6,2011-06-29 17:24:26
390,1,2010-01-18 18:30:02
390,8,2010-01-18 18:30:24
390,6,2010-01-18 18:32:21
391,1,2011-09-15 17:30:24
391,8,2011-09-16 22:54:21
391,6,2011-09-20 16:21:04
392,1,2012-03-12 18:57:46
392,6,2012-03-12 23:53:29
392,6,2012-03-12 23:57:06
393,1,2010-10-25 18:09:25
393,8,2010-10-29 22:07:35
393,6,2010-10-29 22:10:16
394,1,2012-01-12 21:02:38
394,8,2012-01-13 18:45:33
394,6,2012-01-13 19:36:45
395,1,2011-12-15 19:32:48
395,8,2011-12-15 19:32:56
395,6,2011-12-15 19:49:44
396,1,2010-09-23 17:34:03
396,1,2010-09-23 18:18:15
396,8,2010-09-23 23:36:50
396,6,2010-09-27 23:37:58
397,1,2012-08-02 23:00:24
397,8,2012-08-03 15:04:30
397,6,2012-08-03 15:12:16
398,1,2012-01-25 17:03:28
398,8,2012-01-25 17:39:20
398,9,2012-02-01 20:39:56
398,6,2012-02-29 02:22:35
400,1,2011-09-22 17:13:24
400,8,2011-09-28 15:08:53
400,6,2011-10-04 21:56:00
401,1,2010-03-23 01:51:36
401,8,2010-04-29 21:01:59
401,6,2010-04-29 21:02:06
403,1,2012-01-17 17:42:15
403,8,2012-01-18 17:04:57
403,6,2012-01-18 17:17:49
404,1,2010-01-20 02:01:04
404,8,2010-02-11 23:30:44
404,6,2010-02-11 23:30:56
405,1,2012-01-20 17:17:51
405,8,2012-01-20 17:18:14
405,6,2012-01-23 19:24:09
405,8,2012-01-23 19:34:09
405,6,2012-01-26 01:05:48
406,1,2010-01-14 02:25:25
406,1,2010-01-14 02:25:38
406,8,2010-01-14 20:42:31
406,6,2010-01-14 20:42:37
409,1,2011-08-29 22:04:10
409,8,2011-08-30 16:33:47
409,6,2011-08-30 16:59:38
410,1,2010-11-16 01:40:29
410,8,2010-11-23 23:07:33
410,6,2010-11-23 23:08:12
411,1,2010-11-27 02:02:49
411,8,2010-12-07 23:00:09
411,6,2010-12-10 22:25:46
413,3,2011-09-21 17:45:40
413,1,2011-09-23 17:20:13
413,8,2011-09-23 17:20:34
413,6,2011-10-14 00:02:38
413,6,2011-10-14 00:02:41
415,1,2012-03-20 20:05:10
415,8,2012-03-20 20:05:18
415,6,2012-03-22 00:23:54
415,6,2012-03-22 00:23:55
416,1,2010-07-09 15:52:27
416,8,2010-08-06 23:25:41
416,6,2010-08-06 23:26:20
417,1,2012-04-04 00:21:42
417,8,2012-04-04 22:04:39
417,9,2012-04-06 15:21:38
417,6,2012-04-16 20:36:10
418,1,2012-05-04 23:26:19
418,8,2012-05-07 14:59:13
418,6,2012-05-07 18:24:38
419,1,2010-07-02 18:37:18
419,8,2010-07-02 21:38:42
419,9,2010-07-02 21:39:52
419,8,2010-07-13 23:01:23
419,6,2010-07-13 23:01:37
420,1,2010-09-15 23:44:34
420,8,2010-09-15 23:51:01
420,6,2010-09-15 23:51:07
422,1,2011-01-06 00:49:02
422,8,2011-01-10 17:15:19
422,6,2011-01-10 17:16:46
423,3,2010-09-15 22:38:51
423,1,2010-09-16 15:14:36
423,8,2010-09-16 17:03:40
423,6,2010-09-27 23:22:43
424,1,2012-06-15 23:30:23
424,8,2012-06-15 23:30:32
424,6,2012-06-18 18:10:31
424,6,2012-06-18 18:10:31
425,1,2012-04-16 16:26:13
425,8,2012-04-16 22:05:04
425,9,2012-04-17 15:40:48
425,6,2012-05-16 18:59:40
426,1,2011-03-15 22:18:19
426,8,2011-03-15 22:18:50
426,9,2011-03-15 23:41:01
426,9,2011-03-19 00:45:55
426,8,2011-04-14 16:41:49
426,6,2011-04-14 16:42:53
427,1,2012-08-03 15:17:53
427,8,2012-08-03 15:20:15
427,6,2012-08-03 15:20:40
428,1,2010-10-11 15:49:01
428,8,2010-10-12 17:58:32
428,6,2010-10-12 17:59:33
429,1,2011-06-21 23:42:53
429,1,2011-06-21 23:43:03
429,8,2011-06-23 20:57:37
429,6,2011-06-23 22:56:12
430,1,2010-02-16 20:00:09
430,8,2010-02-16 20:00:17
430,6,2010-02-16 20:00:27
431,1,2012-02-03 00:06:04
431,8,2012-02-03 00:06:16
431,6,2012-02-03 17:29:08
432,1,2011-09-30 16:48:55
432,8,2011-09-30 21:46:24
432,6,2011-10-06 15:58:26
434,1,2012-04-18 16:16:22
434,8,2012-04-18 16:25:34
434,6,2012-04-23 23:30:23
436,1,2012-06-19 18:30:43
436,8,2012-06-19 18:32:43
436,6,2012-06-19 21:18:30
436,6,2012-06-19 21:18:31
437,1,2011-11-11 19:35:35
437,8,2011-11-15 23:54:29
437,9,2011-11-16 19:55:17
437,6,2011-11-17 20:36:55
439,1,2012-02-01 17:30:27
439,8,2012-02-10 02:05:23
439,6,2012-02-15 19:07:50
440,1,2011-06-07 20:15:58
440,8,2011-06-07 20:16:33
440,6,2011-06-08 16:50:52
442,1,2011-02-18 20:17:32
442,8,2011-02-19 02:47:39
442,6,2011-02-19 02:55:57
443,1,2011-03-10 20:06:41
443,1,2011-03-10 20:08:14
443,8,2011-03-10 20:15:07
443,6,2011-03-10 23:21:58
444,1,2012-07-19 18:45:18
444,8,2012-07-23 22:27:42
444,6,2012-07-25 20:52:04
445,1,2011-05-16 17:25:43
445,8,2011-05-16 17:26:52
445,6,2011-05-16 21:04:16
448,1,2012-06-12 23:20:01
448,8,2012-06-13 18:35:07
448,9,2012-06-26 21:36:43
448,6,2012-06-29 21:27:09
449,1,2011-03-09 20:49:32
449,8,2011-03-09 20:49:53
449,9,2011-03-09 20:53:22
449,8,2011-03-10 22:20:24
449,6,2011-03-10 22:21:03
450,1,2010-10-07 23:56:55
450,8,2010-10-07 23:57:26
450,6,2010-10-08 16:44:11
451,1,2011-07-08 22:17:10
451,1,2011-07-13 17:15:33
451,8,2011-07-13 20:27:47
451,6,2011-07-13 20:29:32
452,1,2010-12-01 02:09:16
452,8,2010-12-06 17:08:44
452,6,2010-12-07 01:31:43
453,1,2012-05-23 15:56:57
453,8,2012-05-23 15:57:05
453,6,2012-05-25 20:31:15
453,6,2012-05-25 20:31:15
454,1,2011-11-09 00:52:09
454,8,2011-11-09 00:52:23
454,6,2011-11-09 01:20:00
455,1,2010-07-01 16:33:32
455,8,2010-07-12 17:25:59
455,9,2010-07-14 22:04:12
455,8,2010-07-21 16:23:02
455,6,2010-07-21 16:23:11
457,1,2011-12-07 20:31:32
457,8,2011-12-07 20:41:28
457,6,2011-12-08 02:02:54
458,1,2012-07-20 18:19:26
458,8,2012-07-26 23:34:07
458,6,2012-08-28 18:19:09
459,1,2011-10-05 16:52:36
459,8,2011-10-18 17:24:51
459,6,2011-10-18 23:36:27
460,1,2011-02-26 01:54:09
460,8,2011-02-28 20:00:58
460,6,2011-02-28 21:01:29
461,1,2012-03-28 17:02:20
461,8,2012-03-28 17:49:03
461,9,2012-03-30 15:52:33
461,6,2012-04-16 16:48:18
462,1,2012-05-15 16:39:10
462,8,2012-05-15 16:39:18
462,4,2012-05-15 23:46:35
462,6,2012-06-01 20:07:34
463,1,2011-11-10 18:20:49
463,8,2011-11-10 18:21:08
463,6,2011-12-14 01:45:19
463,6,2011-12-14 01:45:20
464,1,2011-10-07 16:30:01
464,8,2011-10-07 22:08:34
464,6,2011-10-14 16:03:04
464,6,2011-10-14 16:03:04
465,1,2011-06-30 23:05:37
465,1,2011-06-30 23:05:53
465,8,2011-07-05 18:38:12
465,6,2011-07-05 20:14:52
466,1,2012-06-15 22:58:32
466,8,2012-06-15 23:35:08
466,6,2012-06-18 18:34:55
468,1,2011-02-02 23:17:34
468,8,2011-02-04 23:48:04
468,9,2011-02-08 23:55:03
468,8,2011-02-17 18:18:28
468,6,2011-02-17 18:18:39
469,1,2010-05-03 19:18:49
469,8,2010-05-03 19:20:03
469,9,2010-05-03 19:29:31
469,8,2010-05-03 20:15:04
469,6,2010-05-03 20:15:12
471,1,2011-05-24 16:27:52
471,8,2011-05-24 16:28:14
471,9,2011-05-27 22:02:35
471,8,2011-06-03 21:21:28
471,6,2011-06-03 21:21:36
472,1,2012-07-23 22:02:04
472,8,2012-07-23 23:04:26
472,6,2012-08-27 23:52:11
473,1,2011-01-17 19:10:54
473,8,2011-01-20 20:01:42
473,6,2011-02-28 18:40:39
475,1,2011-04-13 22:43:16
475,8,2011-04-13 22:44:19
475,6,2011-04-14 21:56:33
476,1,2011-03-23 00:31:44
476,8,2011-04-01 22:42:31
476,9,2011-04-01 22:42:38
476,8,2011-04-07 23:40:59
476,6,2011-04-07 23:41:49
477,1,2012-01-04 17:34:18
477,8,2012-01-04 17:34:29
477,6,2012-01-04 18:17:14
478,1,2012-09-20 22:10:58
478,1,2012-09-20 22:11:56
478,8,2012-09-21 21:52:10
478,9,2012-09-27 15:37:43
478,6,2012-10-12 16:57:20
479,1,2012-05-15 23:30:10
479,6,2012-05-16 15:06:18
481,1,2011-08-31 22:09:49
481,8,2011-09-01 22:52:37
481,6,2011-09-02 15:18:38
482,1,2012-07-27 22:35:58
482,6,2012-07-30 16:24:22
482,6,2012-07-30 16:24:22
483,1,2012-08-08 15:26:16
483,8,2012-08-08 16:00:42
483,6,2012-08-09 21:29:31
485,1,2011-07-01 18:24:56
485,1,2011-07-01 18:38:06
485,8,2011-07-04 17:02:11
485,6,2011-07-04 18:43:18
486,1,2011-09-26 20:50:47
486,8,2011-09-26 20:51:45
486,6,2011-09-26 20:57:39
488,1,2011-09-20 15:40:54
488,8,2011-09-26 21:33:44
488,6,2011-09-27 23:12:04
489,1,2011-03-24 23:41:51
489,8,2011-03-24 23:42:08
489,6,2011-03-25 18:19:15
490,1,2011-07-11 21:49:19
490,8,2011-07-12 15:52:08
490,6,2011-07-12 16:16:03
491,1,2012-04-12 23:45:56
491,8,2012-04-16 15:07:02
491,9,2012-04-20 18:41:40
491,6,2012-05-14 22:53:25
492,1,2012-05-30 23:38:32
492,8,2012-05-31 14:59:24
492,6,2012-05-31 21:28:36
493,1,2011-12-23 01:48:48
493,8,2011-12-27 17:30:02
493,6,2011-12-29 17:36:13
494,1,2011-03-30 16:29:32
494,8,2011-03-30 16:30:43
494,6,2011-03-30 21:13:43
495,1,2012-07-19 23:51:08
495,8,2012-07-19 23:51:21
495,6,2012-07-20 22:06:41
497,1,2012-07-25 23:40:43
497,8,2012-07-27 18:55:05
497,6,2012-08-09 21:58:25
498,1,2012-09-14 15:17:52
498,8,2012-09-14 15:18:18
498,6,2012-10-02 22:25:04
498,6,2012-10-02 22:25:04
499,1,2011-01-28 18:01:13
499,8,2011-01-28 22:49:49
499,6,2011-01-31 17:58:40
500,1,2011-03-03 18:50:46
500,8,2011-03-22 18:19:41
500,6,2011-03-23 00:41:22
